name,description,date_created
Keith Fuller,,2016-05-06 12:14:25
Jeremy James,,2016-03-09 20:54:33
Gregory Hughes,,2016-04-09 12:18:12
Brandon Schmidt,,2016-04-07 02:10:09
Brandon Perkins,,2016-03-17 18:07:11
Randy Gilbert,,2016-04-16 01:03:27
Rebecca Murray,,2016-03-16 22:56:13
Joan Clark,,2016-04-23 16:19:06
Betty Harvey,,2016-04-26 16:16:29
Antonio Austin,,2016-03-14 05:28:26
Harry Rogers,,2016-05-02 03:06:48
Jacqueline Andrews,,2016-05-02 13:52:46
Timothy Robertson,,2016-03-25 03:34:50
Jason Jacobs,,2016-03-23 01:15:07
Keith Garcia,,2016-04-30 10:20:26
Kevin Alexander,,2016-05-01 23:04:08
Kimberly Jackson,,2016-04-19 18:12:48
Carl Torres,,2016-03-16 22:54:37
Kimberly Crawford,,2016-05-05 19:15:40
Gary Palmer,,2016-04-03 07:47:55
Beverly Fowler,,2016-03-16 06:46:47
Sean Gray,,2016-05-05 04:19:43
Susan Robertson,,2016-05-02 09:42:25
Eric Davis,,2016-04-17 10:35:17
Cheryl Meyer,,2016-04-14 22:53:02
Laura Davis,,2016-03-16 22:23:30
Anne Morgan,,2016-03-15 22:35:51
Helen Brooks,,2016-04-22 21:09:11
Betty Medina,,2016-04-13 04:20:31
William Parker,,2016-03-25 23:50:47
Diane Cruz,,2016-04-22 14:56:49
Ruby Walker,,2016-04-01 23:10:27
Emily Edwards,,2016-04-28 23:02:26
Nicholas Foster,,2016-04-04 18:41:55
Shirley Ryan,,2016-04-20 22:03:05
Jennifer Alexander,,2016-03-19 03:08:54
Michelle Cooper,,2016-03-30 23:21:14
Robin Simpson,,2016-03-25 21:13:10
Gregory Lopez,,2016-03-18 11:57:55
Phillip Kelley,,2016-03-25 09:17:37
Jose Berry,,2016-04-04 01:34:46
Gary Hayes,,2016-03-27 19:03:57
Janet Howell,,2016-05-07 01:21:21
David Rivera,,2016-03-30 06:24:57
Debra Collins,,2016-04-09 05:18:44
Sharon Perez,,2016-03-29 15:22:40
Patricia Thompson,,2016-03-23 15:16:20
Johnny Hanson,,2016-03-10 12:58:21
Helen Lopez,,2016-04-17 03:58:30
Amanda Hayes,,2016-05-02 06:25:17
Joseph Willis,,2016-03-15 11:21:09
Alice Matthews,,2016-03-11 22:01:26
Ronald Garrett,,2016-03-25 20:05:47
Bobby Barnes,,2016-04-28 11:56:06
Bruce Scott,,2016-03-26 13:14:07
Deborah Griffin,,2016-03-18 08:54:08
Carl Taylor,,2016-03-13 02:35:42
Jose Willis,,2016-03-21 06:25:55
Juan Knight,,2016-04-27 16:15:33
Ronald Gordon,,2016-03-15 00:04:27
Michelle Tucker,,2016-03-22 23:19:27
Todd Peters,,2016-04-04 17:41:54
Ernest Murphy,,2016-05-03 04:01:55
Sarah Lynch,,2016-03-11 14:03:49
Louise Matthews,,2016-03-25 22:13:24
Jonathan Ortiz,,2016-03-18 00:37:27
Angela Edwards,,2016-04-25 19:11:57
Brian Sanders,,2016-04-25 08:18:47
Lois Bryant,,2016-04-03 16:40:02
Mildred Morgan,,2016-05-04 05:11:32
Cynthia Robertson,,2016-04-20 06:18:04
Earl Morgan,,2016-03-14 17:11:09
Louis Austin,,2016-03-22 15:52:43
Sharon Freeman,,2016-03-23 01:53:39
Dorothy Bell,,2016-04-18 00:32:22
Jonathan Freeman,,2016-03-26 07:21:51
Andrea Nelson,,2016-03-13 20:38:45
Debra Payne,,2016-03-29 13:00:38
Diane Baker,,2016-05-03 11:53:02
Lois Moore,,2016-04-23 07:13:37
Willie Hanson,,2016-04-01 04:13:45
Michelle Perry,,2016-04-26 21:33:07
Lawrence Smith,,2016-04-01 06:47:24
Evelyn Matthews,,2016-04-22 03:48:25
Lisa Owens,,2016-04-17 20:49:37
Benjamin Brown,,2016-05-03 01:55:16
Walter Lee,,2016-03-09 04:37:09
Clarence Cook,,2016-04-18 20:14:04
Douglas Fuller,,2016-04-12 20:40:24
Joyce Cooper,,2016-04-15 15:18:42
Jason Miller,,2016-03-18 22:44:15
Kevin Ortiz,,2016-03-12 03:12:10
Bobby Burton,,2016-04-21 21:48:21
Betty Gonzales,,2016-03-18 15:41:36
Benjamin Griffin,,2016-04-02 01:10:13
Melissa Young,,2016-04-08 08:28:47
Arthur Lewis,,2016-04-25 22:35:46
Helen Roberts,,2016-03-31 23:30:46
Louis Austin,,2016-04-05 07:46:19
Lois Garza,,2016-04-09 20:05:29
Jimmy Hamilton,,2016-03-25 09:53:03
Barbara Kennedy,,2016-04-07 20:37:41
Janice Alexander,,2016-04-21 08:43:32
Howard Lewis,,2016-04-10 11:51:22
Jesse Holmes,,2016-03-27 15:59:49
Elizabeth Allen,,2016-04-25 10:26:39
Jacqueline Webb,,2016-04-23 23:56:43
Fred Hunt,,2016-04-30 21:01:57
Cheryl Medina,,2016-04-25 07:10:51
Brian Green,,2016-05-03 02:11:51
Frank Perkins,,2016-04-15 02:50:13
Jessica Hansen,,2016-04-10 06:20:22
Harry Montgomery,,2016-03-25 00:34:32
Mark Snyder,,2016-05-04 19:22:41
Dennis Kim,,2016-03-18 15:42:54
Julie Torres,,2016-03-14 06:27:50
Cynthia Parker,,2016-05-01 16:17:16
Harry Gomez,,2016-04-15 00:13:55
Roger Wagner,,2016-05-04 06:52:02
Patricia Palmer,,2016-04-11 17:21:52
Maria Wright,,2016-04-11 20:52:58
Carlos Barnes,,2016-04-22 15:16:59
Rose Cooper,,2016-04-11 11:35:44
Donald Campbell,,2016-05-04 13:42:43
David Young,,2016-03-26 11:45:16
Pamela Thomas,,2016-04-29 12:33:06
Peter Stone,,2016-04-13 21:48:14
Douglas Gibson,,2016-04-05 09:37:10
Gary Sullivan,,2016-03-13 07:33:26
Carolyn Fisher,,2016-04-14 14:37:39
Brian Hayes,,2016-03-23 11:15:24
Todd Anderson,,2016-03-15 10:20:03
Carlos Clark,,2016-05-06 01:08:41
Jose Baker,,2016-04-05 15:38:56
Emily Ray,,2016-04-03 02:52:45
Bonnie Burns,,2016-03-28 21:44:34
Bonnie Ellis,,2016-03-21 04:14:27
Rebecca Owens,,2016-04-13 01:40:46
Ann Lane,,2016-04-13 08:46:41
Jeffrey Perry,,2016-04-26 05:20:51
Patricia Riley,,2016-03-27 10:56:45
Susan Nelson,,2016-03-19 17:48:52
Theresa Hamilton,,2016-03-17 23:02:00
Diana Lawson,,2016-03-27 03:28:04
Jack Barnes,,2016-03-19 08:16:48
Wanda Sims,,2016-04-22 18:35:09
Emily Hicks,,2016-04-30 14:12:39
Gerald Chavez,,2016-04-18 11:34:24
Janet Reid,,2016-03-23 23:46:21
Catherine Collins,,2016-05-04 12:55:27
Demimbu,,2016-04-04 16:07:23
Mybuzz,,2016-04-30 10:17:29
Bluezoom,,2016-05-03 05:29:55
Browsebug,,2016-04-29 10:37:14
Oyonder,,2016-05-03 07:02:21
Innojam,,2016-03-28 20:19:45
Yakitri,,2016-04-14 01:46:29
Topiclounge,,2016-03-27 11:02:30
Yodel,,2016-04-22 17:22:02
Linktype,,2016-05-05 10:48:28
Buzzbean,,2016-04-07 15:48:57
Linktype,,2016-05-07 10:26:41
Lazzy,,2016-03-26 10:39:32
Buzzbean,,2016-04-01 16:56:39
Rhyzio,,2016-03-13 01:12:18
Oodoo,,2016-04-02 18:41:32
Divavu,,2016-04-25 08:02:25
Kwilith,,2016-03-16 22:49:34
Dazzlesphere,,2016-04-25 21:43:12
Fadeo,,2016-03-23 16:23:14
Blogpad,,2016-03-16 03:08:52
Roodel,,2016-04-12 08:31:37
Twitterbridge,,2016-04-24 08:13:57
Photobug,,2016-05-03 17:09:53
Yata,,2016-03-17 20:12:04
Jaxnation,,2016-04-01 19:18:47
Yakidoo,,2016-04-11 09:19:50
Skimia,,2016-04-23 23:19:38
Agivu,,2016-04-17 10:11:27
Plajo,,2016-04-14 04:39:57
DabZ,,2016-03-24 14:53:10
Ainyx,,2016-03-12 00:53:31
Devbug,,2016-04-05 10:29:05
Aimbu,,2016-04-05 06:46:15
Lazzy,,2016-04-14 21:25:49
Trilith,,2016-03-13 14:22:43
Mydo,,2016-04-02 06:57:24
Zoombox,,2016-03-13 17:43:43
Feedfish,,2016-03-26 09:19:17
Youbridge,,2016-04-13 06:26:21
Skinte,,2016-04-26 04:06:29
Yabox,,2016-03-10 23:55:41
Edgewire,,2016-04-30 18:16:51
Chatterpoint,,2016-04-12 13:15:09
InnoZ,,2016-03-29 23:31:21
Zoonder,,2016-03-30 01:58:51
Zoozzy,,2016-05-06 01:43:24
Flashdog,,2016-04-10 12:05:35
Quinu,,2016-04-19 14:23:31
Jayo,,2016-03-11 20:26:13
Mybuzz,,2016-04-22 23:51:10
Quimba,,2016-03-16 11:53:42
Eimbee,,2016-04-25 02:23:53
Topiczoom,,2016-04-29 01:42:48
Ozu,,2016-03-25 08:47:04
Muxo,,2016-04-25 00:47:20
Rhycero,,2016-04-08 09:08:38
Ooba,,2016-03-24 14:59:01
Twiyo,,2016-04-13 19:53:41
Zoomzone,,2016-04-26 04:57:16
Tekfly,,2016-03-09 17:12:44
Quire,,2016-05-05 20:39:34
Voolia,,2016-04-11 16:04:05
Innojam,,2016-03-27 14:24:46
Devbug,,2016-04-27 08:05:32
Realfire,,2016-03-29 22:20:53
Latz,,2016-04-17 00:43:33
Gigashots,,2016-03-31 14:47:10
Viva,,2016-04-03 06:00:17
Roomm,,2016-04-20 18:02:54
Innojam,,2016-05-02 19:41:18
Pixope,,2016-03-16 12:12:04
Janyx,,2016-03-21 05:09:00
Skidoo,,2016-04-29 03:28:33
Babbleset,,2016-04-29 02:29:54
Centimia,,2016-04-13 10:20:30
Skyble,,2016-04-18 17:55:03
Browsecat,,2016-04-14 02:15:34
Thoughtbeat,,2016-05-02 20:00:14
Tanoodle,,2016-04-26 10:21:47
Edgeclub,,2016-04-06 20:35:52
Jabbersphere,,2016-03-08 22:52:03
Thoughtstorm,,2016-04-18 00:47:00
Einti,,2016-04-08 04:51:23
Podcat,,2016-03-26 04:40:34
Skalith,,2016-04-25 14:50:40
Ainyx,,2016-04-05 10:52:37
Edgeclub,,2016-05-07 12:23:15
Youtags,,2016-03-22 20:04:25
Skivee,,2016-04-17 01:10:43
Eabox,,2016-03-13 07:07:03
Jetwire,,2016-05-03 01:00:04
Shuffletag,,2016-04-03 04:07:20
Innotype,,2016-03-19 23:56:30
Ooba,,2016-03-14 01:03:28
Eimbee,,2016-03-11 04:18:43
Eimbee,,2016-03-17 14:03:32
Twimm,,2016-03-28 21:42:07
Topiczoom,,2016-03-31 19:16:40
Dabjam,,2016-03-21 17:59:27
Lidzbark,,2016-04-13 21:01:18
Poitiers,,2016-04-10 15:39:08
Zverevo,,2016-04-06 00:03:43
Karangnongko,,2016-04-08 00:54:57
Masohi,,2016-04-14 22:18:52
Lushnjë,,2016-04-30 10:47:40
Couço,,2016-04-20 20:36:07
Governador Valadares,,2016-03-25 07:32:57
Tavira,,2016-03-21 05:54:26
Konstantynów Łódzki,,2016-04-19 04:15:54
Mekarsari,,2016-05-04 20:27:49
Na Chueak,,2016-04-12 06:24:40
Jiangduo,,2016-03-23 22:49:34
Xiwanzi,,2016-03-23 13:29:15
Nanyang,,2016-04-20 16:17:56
Bambuí,,2016-05-05 19:52:03
Baylo,,2016-03-26 12:33:56
Sabanitas,,2016-03-19 11:10:28
Vårgårda,,2016-04-30 21:42:52
Coromandel,,2016-04-04 15:34:00
Lainqu,,2016-04-13 01:14:30
Ma‘lūlā,,2016-03-31 17:13:16
Coutances,,2016-03-22 23:04:47
Golina,,2016-04-18 04:34:31
Sumberrejo,,2016-05-06 13:06:22
Neglasari,,2016-03-15 00:55:27
Enzan,,2016-04-29 12:50:52
Jand,,2016-03-10 16:51:43
Delray Beach,,2016-03-14 05:36:51
Las Animas,,2016-03-18 16:55:11
Salgado,,2016-04-11 20:20:09
Bang Lamung,,2016-04-20 12:55:26
Paris 02,,2016-03-31 20:13:25
Peredovaya,,2016-04-02 01:03:46
Novo-Peredelkino,,2016-05-01 04:50:59
Karangbadar Kidul,,2016-04-14 12:55:06
Llorente,,2016-04-26 13:07:54
Mawlamyinegyunn,,2016-03-19 15:21:29
Castres,,2016-03-16 10:50:35
Dazhipo,,2016-04-13 02:59:50
Bogovarovo,,2016-04-26 20:41:28
Dongmafang,,2016-04-12 16:45:09
Changping,,2016-04-07 23:53:21
Mengmeng,,2016-05-01 07:22:33
Jilong,,2016-05-07 16:58:32
Parumasan,,2016-03-08 10:38:16
Khiv,,2016-04-11 03:31:04
Vân Đình,,2016-03-10 18:25:05
Kauswagan,,2016-04-10 17:59:01
Bani,,2016-03-17 07:51:23
Grudë-Fushë,,2016-03-08 07:16:24
Sedatigede,,2016-04-18 19:29:53
Hưng Yên,,2016-04-19 06:34:24
Wutun,,2016-04-27 00:33:35
Paulínia,,2016-04-06 01:42:35
Jianfeng,,2016-04-27 13:16:26
Žirovnica,,2016-04-07 06:40:53
Xinjie,,2016-04-03 11:27:42
Cikoneng,,2016-03-19 12:57:11
Xihu,,2016-04-01 04:52:52
Sindanghayu,,2016-04-16 21:02:22
Burirao,,2016-04-24 22:48:51
Singajaya,,2016-04-15 19:22:57
Mainang,,2016-05-05 09:51:35
Rizári,,2016-04-09 11:51:44
Velykyy Burluk,,2016-04-11 03:34:03
Kanbula,,2016-03-10 05:06:51
Plessisville,,2016-04-06 01:59:47
Huyang,,2016-04-04 13:58:35
Zhongping,,2016-04-05 07:25:03
Francisco Morato,,2016-03-11 07:38:46
Zhonghe,,2016-03-11 05:09:04
Chimboy Shahri,,2016-04-07 03:59:29
Ustynivka,,2016-03-17 23:39:24
Montenegro,,2016-04-03 01:21:03
Jiehu,,2016-04-17 17:36:22
Santo Tomas,,2016-04-03 17:57:34
Dazhigu,,2016-03-16 23:45:05
Thāru Shāh,,2016-05-07 15:21:05
Ellös,,2016-04-21 21:28:41
Henglu,,2016-05-02 17:01:43
Mukhen,,2016-03-11 01:07:09
Bingawan,,2016-04-04 11:27:10
Anahuac,,2016-05-01 21:06:00
Skien,,2016-03-26 08:20:05
Goascorán,,2016-04-28 12:23:33
Naga,,2016-04-16 17:35:26
Nong Bua Daeng,,2016-04-20 11:29:13
Monte Branco,,2016-04-05 23:32:24
La Azulita,,2016-05-01 03:28:01
Tococ East,,2016-03-08 13:55:47
Oak Bay,,2016-03-23 18:50:01
Puttalam,,2016-03-12 14:19:42
Bradenton,,2016-03-16 02:00:37
Dublje,,2016-04-27 03:15:25
Cileuya,,2016-04-18 21:59:51
Cabatang,,2016-05-02 21:40:54
Rubiataba,,2016-05-02 22:24:56
Buang,,2016-04-21 23:49:03
Matola,,2016-05-06 18:01:21
Alverca do Ribatejo,,2016-03-19 06:08:37
Prachatice,,2016-03-18 19:46:59
Sulmierzyce,,2016-04-30 15:09:40
Bungkal,,2016-03-12 03:59:04
Kukushtan,,2016-04-19 20:46:57
Qingzhou,,2016-03-10 01:06:43
Bungereng,,2016-04-27 19:54:17
Jobabo,,2016-03-17 04:46:54
Shagedu,,2016-03-16 12:45:08
Wangon,,2016-04-09 16:42:06
Nenotes,,2016-03-10 02:16:33
Quintãs,,2016-03-13 18:58:57
Przeworsk,,2016-03-18 18:59:07
Arísvi,,2016-03-16 00:10:05
Gur’yevsk,,2016-04-06 15:53:57
Caldono,,2016-04-29 07:01:20
Jabłonica Polska,,2016-04-22 11:33:54
Cipari Satu,,2016-03-08 13:36:09
San Pedro,,2016-04-13 09:02:27
Bằng Lũng,,2016-03-16 04:54:44
Brumadinho,,2016-05-03 12:28:07
Baruunsuu,,2016-04-19 08:17:13
Banjar Bali,,2016-04-18 00:39:04
Khvalovo,,2016-05-05 23:37:35
Tsaghkahovit,,2016-03-27 17:14:29
Leiria,,2016-05-06 01:23:12
Monção,,2016-04-25 01:53:26
Podebłocie,,2016-04-03 03:58:53
Damatulan,,2016-03-11 21:44:53
Alaghsas,,2016-03-20 21:11:54
Pindushi,,2016-03-11 15:21:48
Cibatuireng,,2016-04-06 18:22:16
Higuerote,,2016-04-19 20:00:08
Kladi,,2016-04-19 13:14:39
Drochia,,2016-03-29 09:15:11
Hepu,,2016-04-19 04:07:42
Huangdi,,2016-03-11 14:02:47
Aubergenville,,2016-04-26 07:37:07
Talashkino,,2016-04-09 01:58:28
Zouparria do Monte,,2016-04-05 09:56:17
Nueva Loja,,2016-03-11 05:22:24
Chengdu,,2016-03-19 09:08:27
Summerland,,2016-03-28 03:07:40
Songshu,,2016-03-14 19:46:31
Alexandria,,2016-04-22 02:24:38
Humpolec,,2016-04-12 03:20:30
Madīnat Sittah Uktūbar,,2016-04-12 22:00:29
Mayantoc,,2016-03-09 06:50:11
Taiping,,2016-03-31 23:23:10
Aristóbulo del Valle,,2016-03-12 03:59:04
